/*Insert data into Animal_R2 table*/

insert into Animal_R2 values
('Corgi', 'No');

insert into Animal_R2 values
('Siamese', 'No');

insert into Animal_R2 values
('Schnauzer', 'Yes');

insert into Animal_R2 values
('English Lop', 'Yes');

insert into Animal_R2 values
('Bobtail', 'Yes');

/*Insert data into Customer_R1 Table*/
insert into Customer_R1 values
('V6P1V7','Vancouver', 'BC');

insert into Customer_R1 values
('V7J1Y2','Vancouver', 'BC');

insert into Customer_R1 values
('V5P1B7','Abbotsford', 'BC');

insert into Customer_R1 values
('V1P5V7','Vancouver', 'BC');

insert into Customer_R1 values
('V0P1V6','Calgary', 'AB');

/*Insert data into Customer_R2 Table*/
insert into Customer_R2 values
('Jacob','1990-03-05');

insert into Customer_R2 values
('May','1970-10-20');

insert into Customer_R2 values
('John','1962-03-25');

insert into Customer_R2 values
('Kelly','1988-04-15');

insert into Customer_R2 values
('Rick','1980-07-12');

/*Insert data into Customer Table*/
insert into Customer values
('1','Jacob', 'Oak Street', 'V6P1V7');

insert into Customer values
('2','May', 'Fleming Street', 'V7J1Y2');

insert into Customer values
('3','John', 'Maple Street', 'V5P1B7');

insert into Customer values
('4','Kelly', 'Acorn Street', 'V1P5V7');

insert into Customer values
('5','Rick', 'Arc Street', 'V0P1V6');
/*Insert data into Animal table*/

insert into Animal values
('1', 'Cheddar', 3, 'Male', 'Corgi', 'May 1, 2019','1');

insert into Animal values
('2', 'Biscuit', 5, 'Female', 'Siamese', 'May 2, 2019','1');

insert into Animal values
('3', 'Buddy', 5, 'Male', 'Schnauzer', 'May 3, 2019','1');

insert into Animal values
('4', 'Hoppy', 3, 'Female', 'English Lop', 'May 5, 2019','1');

insert into Animal values
('5', 'Luna', 3, 'Female', 'Schnauzer', 'May 3, 2019','2');

/*insert into Animal values
('6', 'Happy', 3, 'Male', 'Siamese', 'May 1, 2019','2');

insert into Animal values
('7', 'Toast', 5, 'Female', 'English Lop', 'May 2, 2019','2');

insert into Animal values
('8', 'Bud', 9, 'Male', 'Siamese', 'May 3, 2019','2');

insert into Animal values
('9', 'Bouncer', 8, 'Male', 'English Lop', 'May 9, 2019','2');

insert into Animal values
('10', 'Teddy', 8, 'Male', 'Corgi', 'May 25, 2019','2');

insert into Animal values
('11', 'Lily', 8, 'Male', 'Schnauzer', 'May 21, 2019','2');

insert into Animal values
('12', 'Charlie', 8, 'Male', 'Siamese', 'May 21, 2019','2');

insert into Animal values
('13', 'Tabby', 8, 'Male', 'Siamese', 'May 23, 2019','2');

insert into Animal values
('14', 'Carrot', 8, 'Female', 'English Lop', 'May 23, 2019','2');

insert into Animal values
('15', 'Peanut', 8, 'Male', 'English Lop', 'May 23, 2019','2');

insert into Animal values
('16', 'Berry', 8, 'Female', 'English Lop', 'May 23, 2019','1');*/

/*Insert data into Dog table*/

/*insert into Dog values
('1', 'False');

insert into Dog values
('3', 'True');

insert into Dog values
('5', 'True');

insert into Dog values
('10', 'False');

insert into Dog values
('11', 'True');*/

/*Insert data into Cat table*/

/*insert into Cat values
('2', 'False');

insert into Cat values
('6', 'True');

insert into Cat values
('8', 'True');

insert into Cat values
('12', 'False');

insert into Cat values
('13', 'True');*/

/*Insert data into Rabbit table

insert into Rabbit values
('4', 'False');

insert into Rabbit values
('7', 'True');

insert into Rabbit values
('14', 'True');

insert into Rabbit values
('15', 'False');

insert into Rabbit values
('16', 'True');

/*Insert data into Room table*/
insert into Room values
('1', 5);

insert into Room values
('2', 3);

insert into Room values
('3', 2);

insert into Room values
('4', 1);

insert into Room values
('5', 10);

/*Insert data into Doctor table*/
insert into Doctor values
('1', 'Aaron');

insert into Doctor values
('2', 'Abby');

insert into Doctor values
('3', 'Bear');

insert into Doctor values
('4', 'Brooklyn');

insert into Doctor values
('5', 'Chelsea');

/*Insert data into Doctor_R2 table*/
insert into Doctor_R2 values
('1', '1');

insert into Doctor_R2 values
('2', '2');

insert into Doctor_R2 values
('3', '3');

insert into Doctor_R2 values
('1', '4');

insert into Doctor_R2 values
('2', '5');

/*Insert data into Health_Status_Check table*/
insert into Health_Status_Check values
('1', 'Yes', 'No', 'Dry Eyes', '1');

insert into Health_Status_Check values
('2', 'Yes', 'No', 'Dry Eyes', '1');

insert into Health_Status_Check values
('3', 'No', 'No', 'Dry Eyes', '1');

insert into Health_Status_Check values
('4', 'Yes', 'Yes', 'Iris Cyst', '3');

insert into Health_Status_Check values
('5', 'No', 'No', 'Not Applicable', '3');

/*Insert data into Drugs_Prescribes table*/
insert into Drugs_Prescribes values
('Acepromazine', '5', 2);

insert into Drugs_Prescribes values
('Baytril', '2', 10);

insert into Drugs_Prescribes values
('Capstar', '2', 5);

insert into Drugs_Prescribes values
('Doxycycline', '5', 2);

insert into Drugs_Prescribes values
('Ephedrine', '1', 20);

/*Insert data into Checks table*/
insert into Checks values
('1', '1', '1');

insert into Checks values
('2', '2', '2');

insert into Checks values
('3', '3', '3');

insert into Checks values
('4', '4', '4');

insert into Checks values
('5', '5', '5');

/*Insert data into Stay_In table*/
insert into Stay_In values
('1', '5');

insert into Stay_In values
('1', '6');

insert into Stay_In values
('2', '9');

insert into Stay_In values
('2', '5');

insert into Stay_In values
('3', '7');

/*Adopter Data*/

INSERT INTO Adopter(Customer_ID, Preference)
VALUES('1','Friendly with kids');

INSERT INTO Adopter(Customer_ID, Preference)
VALUES('2','Potty-trained');

INSERT INTO Adopter(Customer_ID, Preference)
VALUES('3','Does not bite');

INSERT INTO Adopter(Customer_ID, Preference)
VALUES('4','Young');

INSERT INTO Adopter(Customer_ID, Preference)
VALUES('5','Black Colour');

/*Donor Data*/
INSERT INTO Donor(Customer_ID,Reason)
VALUES('1','Too expensive');

INSERT INTO Donor(Customer_ID,Reason)
VALUES('2','Bad temper');

INSERT INTO Donor(Customer_ID,Reason)
VALUES('3','Moving into small apartment');

INSERT INTO Donor(Customer_ID,Reason)
VALUES('4','Getting old');

INSERT INTO Donor(Customer_ID,Reason)
VALUES('5','Sick');

/*Admin Data*/
INSERT INTO Administrator(AdminID,Name,Animal_ID)
VALUES('1','Chris', '1');

INSERT INTO Administrator(AdminID,Name,Animal_ID)
VALUES('2','Gary', '5');

INSERT INTO Administrator(AdminID,Name,Animal_ID)
VALUES('3','Lenny', '3');

INSERT INTO Administrator(AdminID,Name,Animal_ID)
VALUES('4','Annie', '10');

INSERT INTO Administrator(AdminID,Name,Animal_ID)
VALUES('5','Dalena', '14');

/*Registration Data*/
INSERT INTO Registers(AdminID,Animal_ID,Date_reg)
VALUES('1','1', '2019-05-20');

INSERT INTO Registers(AdminID,Animal_ID,Date_reg)
VALUES('2','5','2019-05-21');

INSERT INTO Registers(AdminID,Animal_ID,Date_reg)
VALUES('3','10', '2019-05-22');

INSERT INTO Registers(AdminID,Animal_ID,Date_reg)
VALUES('4','2', '2019-05-23');

INSERT INTO Registers(AdminID,Animal_ID,Date_reg)
VALUES('5','7', '2019-05-24');

/*Food Orders_R3*/
INSERT INTO FoodOrders_R3(InvoiceNo, Type_Food)
VALUES(1, 'Low Fat');

INSERT INTO FoodOrders_R3(InvoiceNo, Type_Food)
VALUES(2, 'No Preservatives');

INSERT INTO FoodOrders_R3(InvoiceNo, Type_Food)
VALUES(3, 'High Fibre');

INSERT INTO FoodOrders_R3(InvoiceNo, Type_Food)
VALUES(4, 'Gluten Free');

INSERT INTO FoodOrders_R3(InvoiceNo, Type_Food)
VALUES(5,'High Protein');

/*Food Orders*/
INSERT INTO FoodOrders(Name, Type_Food, Nutrition)
VALUES('Hoppy', 'Hay', 'Gluten-Free');

INSERT INTO FoodOrders(Name, Type_Food, Nutrition)
VALUES('Biscuit', 'Salmon Bites', 'Low Fat');

INSERT INTO FoodOrders(Name, Type_Food, Nutrition)
VALUES('Charlie', 'Fish Sticks', 'High Fibre');

INSERT INTO FoodOrders(Name, Type_Food, Nutrition)
VALUES('Teddy', 'Weiners', 'High Protein');

INSERT INTO FoodOrders(Name, Type_Food, Nutrition);
VALUES('Carrot','Sunflower Seeds', 'No Preservatives');

/*Food Orders_R2*/
INSERT INTO FoodOrders_R2(InvoiceNo, Name, Cost, AdminID)
VALUES(1, 'Gary', 5.5, 1);

INSERT INTO FoodOrders_R2(InvoiceNo, Name, Cost, AdminID)
VALUES(2, 'Gary', 10.0,2);

INSERT INTO FoodOrders_R2(InvoiceNo, Name, Cost, AdminID)
VALUES(3, 'Annie', 20,3);

INSERT INTO FoodOrders_R2(InvoiceNo, Name, Cost, AdminID)
VALUES(4, 'Lenny', 15,4);

INSERT INTO FoodOrders_R2(InvoiceNo, Name, Cost, AdminID)
VALUES(5,'Dalena', 2.50,5);

/*Viewing Set*/
INSERT INTO Viewing_Sets(ViewingID,CustomerID,Date)
VALUES('1','C1', '2019-05-25');

INSERT INTO Viewing_Sets(ViewingID,CustomerID,Date)
VALUES('2','C2', '2019-05-20');

INSERT INTO Viewing_Sets(ViewingID,CustomerID,Date)
VALUES('3','C3', '2019-05-22');

INSERT INTO Viewing_Sets(ViewingID,CustomerID,Date)
VALUES('4','C4', '2019-05-23');

INSERT INTO Viewing_Sets(ViewingID,CustomerID,Date)
VALUES('5','C5', '2019-05-24');



commit work;